--
-- PostgreSQL database dump
--

--
-- Name: set_room_free_on_delete(); Type: FUNCTION; Schema: public; Owner: amykayrala
--

CREATE FUNCTION public.set_room_free_on_delete() RETURNS trigger
    LANGUAGE plpgsql
    AS $$
BEGIN
    UPDATE chambre 
    SET disponibilite = 'libre' 
    WHERE num_chambre = OLD.num_chambre AND id_hotel = OLD.id_hotel;
    RETURN OLD;
END;
$$;


--
-- Name: set_room_occupied(); Type: FUNCTION; Schema: public; Owner: amykayrala
--

CREATE FUNCTION public.set_room_occupied() RETURNS trigger
    LANGUAGE plpgsql
    AS $$
BEGIN
    UPDATE chambre 
    SET disponibilite = 'occupée' 
    WHERE num_chambre = NEW.num_chambre AND id_hotel = NEW.id_hotel;
    RETURN NEW;
END;
$$;



SET default_tablespace = '';

SET default_table_access_method = heap;

--
-- Name: archive; Type: TABLE; Schema: public; Owner: postgres
--

CREATE TABLE public.archive (
    id_archive bigint NOT NULL,
    type character varying(255),
    id_client character varying(255),
    id_reservation bigint,
    id_location bigint,
    date_debut date,
    date_fin date,
    id_hotel bigint
);


--
-- Name: archive_id_archive_seq; Type: SEQUENCE; Schema: public; Owner: postgres
--

ALTER TABLE public.archive ALTER COLUMN id_archive ADD GENERATED ALWAYS AS IDENTITY (
    SEQUENCE NAME public.archive_id_archive_seq
    START WITH 1
    INCREMENT BY 1
    NO MINVALUE
    NO MAXVALUE
    CACHE 1
);


--
-- Name: chaines_hotelières; Type: TABLE; Schema: public; Owner: postgres
--

CREATE TABLE public."chaines_hotelières" (
    id_chaine bigint NOT NULL,
    nom_chaine character varying(255),
    adresse_siege_social character varying(255),
    num_hotels integer,
    email character varying(255),
    telephone character varying(20)
);



--
-- Name: chambre; Type: TABLE; Schema: public; Owner: postgres
--

CREATE TABLE public.chambre (
    num_chambre integer NOT NULL,
    id_hotel bigint NOT NULL,
    id_chaine bigint NOT NULL,
    prix double precision,
    commodites text,
    capacite integer,
    vue character varying(255),
    ajoute_lit boolean,
    etat text,
    disponibilite character varying(20) DEFAULT 'libre'::character varying
);


--
-- Name: client; Type: TABLE; Schema: public; Owner: postgres
--

CREATE TABLE public.client (
    id_client bigint NOT NULL,
    nom_complet character varying(255),
    adresse character varying(255),
    nas_client character varying(20),
    date_inscription timestamp without time zone,
    email character varying(255),
    telephone character varying(20),
    mot_de_passe character varying(255)
);


--
-- Name: employe; Type: TABLE; Schema: public; Owner: postgres
--

CREATE TABLE public.employe (
    id_employe bigint NOT NULL,
    nom_complet character varying(255),
    adresse character varying(255),
    nas_employe character varying(20),
    role character varying(255),
    id_hotel bigint,
    mot_de_passe character varying(255)
);


--
-- Name: hotel; Type: TABLE; Schema: public; Owner: postgres
--

CREATE TABLE public.hotel (
    id_hotel bigint NOT NULL,
    id_chaine bigint,
    adresse character varying(255),
    no_chambre integer,
    email character varying(255),
    telephone character varying(20),
    id_gestionnaire bigint,
    categorie integer,
    nom_hotel character varying(255)
);

--
-- Name: location; Type: TABLE; Schema: public; Owner: postgres
--

CREATE TABLE public.location (
    date_check_in date,
    date_check_out date,
    status character varying(255),
    num_chambre integer,
    id_reservation bigint,
    id_employe bigint,
    id_client bigint,
    id_hotel bigint,
    id_chaine bigint,
    id_location bigint NOT NULL
);


--
-- Name: location_id_location_seq; Type: SEQUENCE; Schema: public; Owner: postgres
--

ALTER TABLE public.location ALTER COLUMN id_location ADD GENERATED ALWAYS AS IDENTITY (
    SEQUENCE NAME public.location_id_location_seq
    START WITH 1
    INCREMENT BY 1
    NO MINVALUE
    NO MAXVALUE
    CACHE 1
);


--
-- Name: reservation; Type: TABLE; Schema: public; Owner: postgres
--

CREATE TABLE public.reservation (
    id_reservation bigint NOT NULL,
    date_debut date,
    date_fin date,
    status character varying(255),
    num_chambre integer,
    id_client bigint,
    id_hotel bigint,
    id_chaine bigint
);


--
-- Name: reservation_id_reservation_seq; Type: SEQUENCE; Schema: public; Owner: postgres
--

ALTER TABLE public.reservation ALTER COLUMN id_reservation ADD GENERATED BY DEFAULT AS IDENTITY (
    SEQUENCE NAME public.reservation_id_reservation_seq
    START WITH 1
    INCREMENT BY 1
    NO MINVALUE
    NO MAXVALUE
    CACHE 1
);


--
-- Name: vue_capacite_hotel_header; Type: VIEW; Schema: public; Owner: amykayrala
--

CREATE VIEW public.vue_capacite_hotel_header AS
 SELECT chambre.id_hotel,
    count(chambre.num_chambre) AS nb_chambres_total,
    sum(chambre.capacite) AS capacite_totale
   FROM public.chambre
  GROUP BY chambre.id_hotel;


--
-- Name: vue_capacite_hotels; Type: VIEW; Schema: public; Owner: amykayrala
--

CREATE VIEW public.vue_capacite_hotels AS
 SELECT h.id_hotel,
    h.nom_hotel,
    count(c.num_chambre) AS nb_chambres_total,
    sum(c.capacite) AS capacite_totale
   FROM (public.hotel h
     LEFT JOIN public.chambre c ON ((h.id_hotel = c.id_hotel)))
  GROUP BY h.id_hotel, h.nom_hotel;

--
-- Name: vue_details_chambres; Type: VIEW; Schema: public; Owner: amykayrala
--

CREATE VIEW public.vue_details_chambres AS
 SELECT c.num_chambre,
    c.id_hotel,
    c.capacite,
    c.vue,
    c.prix,
    h.nom_hotel
   FROM (public.chambre c
     JOIN public.hotel h USING (id_hotel));


--
-- Name: vue_dispo_par_ville; Type: VIEW; Schema: public; Owner: amykayrala
--

CREATE VIEW public.vue_dispo_par_ville AS
 SELECT TRIM(BOTH FROM split_part((h.adresse)::text, ','::text, 2)) AS ville,
    count(c.num_chambre) AS total_dispo
   FROM (public.hotel h
     JOIN public.chambre c ON ((h.id_hotel = c.id_hotel)))
  WHERE ((c.disponibilite)::text = 'libre'::text)
  GROUP BY (TRIM(BOTH FROM split_part((h.adresse)::text, ','::text, 2)));


--
-- Name: vue_liste_chambres_complete; Type: VIEW; Schema: public; Owner: amykayrala
--

CREATE VIEW public.vue_liste_chambres_complete AS
 SELECT chambre.num_chambre,
    chambre.id_hotel,
    chambre.capacite,
    chambre.prix,
    chambre.vue,
    chambre.etat
   FROM public.chambre;


--
-- Data for Name: archive; Type: TABLE DATA; Schema: public; Owner: postgres
--

COPY public.archive (id_archive, type, id_client, id_reservation, id_location, date_debut, date_fin, id_hotel) FROM stdin;
9	reservation	1000	8	\N	2026-04-10	2026-04-11	7
10	reservation	1000	10	\N	2026-04-10	2026-04-11	4
11	reservation	1000	9	\N	2026-04-10	2026-04-11	35
172	reservation	1000	11	\N	2026-04-10	2026-04-11	2
174	location	1000	\N	6	2026-04-13	2026-04-14	7
176	reservation	1000	13	\N	2026-04-13	2026-04-14	8
178	location	1000	\N	9	2026-04-13	2026-04-14	5
180	reservation	1000	16	\N	2026-04-13	2026-04-14	5
92	location	1000	\N	1000	2024-01-15	2024-01-18	1
93	location	1001	\N	1001	2024-01-20	2024-01-23	2
94	location	1002	\N	1002	2024-02-03	2024-02-06	3
95	location	1003	\N	1003	2024-02-10	2024-02-13	4
96	location	1004	\N	1004	2024-03-05	2024-03-08	5
97	location	1005	\N	1005	2024-03-12	2024-03-15	6
98	location	1006	\N	1006	2024-04-01	2024-04-04	7
99	location	1007	\N	1007	2024-04-08	2024-04-11	8
100	location	1008	\N	1008	2024-05-10	2024-05-13	9
101	location	1009	\N	1009	2024-05-17	2024-05-20	10
102	location	1000	\N	1010	2024-06-01	2024-06-04	11
103	location	1001	\N	1011	2024-06-08	2024-06-11	12
104	location	1002	\N	1012	2024-07-03	2024-07-06	13
105	location	1003	\N	1013	2024-07-10	2024-07-13	14
106	location	1004	\N	1014	2024-08-05	2024-08-08	15
107	location	1005	\N	1015	2024-08-12	2024-08-15	16
108	location	1006	\N	1016	2024-09-01	2024-09-04	17
109	location	1007	\N	1017	2024-09-08	2024-09-11	18
110	location	1008	\N	1018	2024-10-10	2024-10-13	19
111	location	1009	\N	1019	2024-10-17	2024-10-20	20
112	location	1000	\N	1020	2024-01-22	2024-01-25	21
113	location	1001	\N	1021	2024-01-29	2024-02-01	22
114	location	1002	\N	1022	2024-02-14	2024-02-17	23
115	location	1003	\N	1023	2024-02-21	2024-02-24	24
116	location	1004	\N	1024	2024-03-19	2024-03-22	25
117	location	1005	\N	1025	2024-03-26	2024-03-29	26
118	location	1006	\N	1026	2024-04-15	2024-04-18	27
119	location	1007	\N	1027	2024-04-22	2024-04-25	28
120	location	1008	\N	1028	2024-05-24	2024-05-27	29
121	location	1009	\N	1029	2024-05-31	2024-06-03	30
122	location	1000	\N	1030	2024-06-15	2024-06-18	31
123	location	1001	\N	1031	2024-06-22	2024-06-25	32
124	location	1002	\N	1032	2024-07-17	2024-07-20	33
125	location	1003	\N	1033	2024-07-24	2024-07-27	34
126	location	1004	\N	1034	2024-08-19	2024-08-22	35
127	location	1005	\N	1035	2024-08-26	2024-08-29	36
128	location	1006	\N	1036	2024-09-15	2024-09-18	37
129	location	1007	\N	1037	2024-09-22	2024-09-25	38
130	location	1008	\N	1038	2024-10-24	2024-10-27	39
131	location	1009	\N	1039	2024-10-31	2024-11-03	40
132	location	1000	\N	1040	2024-11-01	2024-11-04	1
133	location	1001	\N	1041	2024-11-08	2024-11-11	2
134	location	1002	\N	1042	2024-11-15	2024-11-18	3
135	location	1003	\N	1043	2024-11-22	2024-11-25	4
136	location	1004	\N	1044	2024-12-01	2024-12-04	5
137	location	1005	\N	1045	2024-12-08	2024-12-11	6
138	location	1006	\N	1046	2024-12-15	2024-12-18	7
139	location	1007	\N	1047	2024-12-22	2024-12-25	8
140	location	1008	\N	1048	2025-01-05	2025-01-08	9
141	location	1009	\N	1049	2025-01-12	2025-01-15	10
142	location	1000	\N	1050	2025-01-19	2025-01-22	11
143	location	1001	\N	1051	2025-01-26	2025-01-29	12
144	location	1002	\N	1052	2025-02-02	2025-02-05	13
145	location	1003	\N	1053	2025-02-09	2025-02-12	14
146	location	1004	\N	1054	2025-02-16	2025-02-19	15
147	location	1005	\N	1055	2025-02-23	2025-02-26	16
148	location	1006	\N	1056	2025-03-02	2025-03-05	17
149	location	1007	\N	1057	2025-03-09	2025-03-12	18
150	location	1008	\N	1058	2025-03-16	2025-03-19	19
151	location	1009	\N	1059	2025-03-23	2025-03-26	20
152	location	1000	\N	1060	2025-04-01	2025-04-04	21
153	location	1001	\N	1061	2025-04-08	2025-04-11	22
154	location	1002	\N	1062	2025-04-15	2025-04-18	23
155	location	1003	\N	1063	2025-04-22	2025-04-25	24
156	location	1004	\N	1064	2025-05-01	2025-05-04	25
157	location	1005	\N	1065	2025-05-08	2025-05-11	26
158	location	1006	\N	1066	2025-05-15	2025-05-18	27
159	location	1007	\N	1067	2025-05-22	2025-05-25	28
160	location	1008	\N	1068	2025-06-01	2025-06-04	29
161	location	1009	\N	1069	2025-06-08	2025-06-11	30
162	location	1000	\N	1070	2025-06-15	2025-06-18	31
163	location	1001	\N	1071	2025-06-22	2025-06-25	32
164	location	1002	\N	1072	2025-07-01	2025-07-04	33
165	location	1003	\N	1073	2025-07-08	2025-07-11	34
166	location	1004	\N	1074	2025-07-15	2025-07-18	35
167	location	1005	\N	1075	2025-07-22	2025-07-25	36
168	location	1006	\N	1076	2025-08-01	2025-08-04	37
169	location	1007	\N	1077	2025-08-08	2025-08-11	38
170	location	1008	\N	1078	2025-08-15	2025-08-18	39
171	location	1009	\N	1079	2025-08-22	2025-08-25	40
173	location	1000	\N	5	2026-04-11	2026-04-12	7
175	location	1000	\N	7	2026-04-13	2026-04-14	7
177	reservation	1000	14	\N	2026-04-13	2026-04-14	6
179	location	1000	\N	10	2026-04-13	2026-04-14	5
181	location	1000	\N	11	2026-04-13	2026-04-14	35
183	location	1000	\N	12	2026-04-13	2026-04-14	35
\.


--
-- Data for Name: chaines_hotelières; Type: TABLE DATA; Schema: public; Owner: postgres
--

COPY public."chaines_hotelières" (id_chaine, nom_chaine, adresse_siege_social, num_hotels, email, telephone) FROM stdin;
3	Best Western	789 rue Scotiabank, Toronto	10	contact@bestwestern.com	416-000-0001
4	Hyatt	368 avenue Bridgeport, Vancouver	8	contact@hyatt.com	604-000-0001
5	Wyndham	246 promenade Memorial, Calgary	11	contact@wyndham.com	403-000-0001
1	Marriott	456 rue Parlement, Ottawa	12	contact@marriot.com	613-000-0001
2	Hilton	123 rue Principale, Montreal	8	contact@hilton.com	514-000-0001
\.


--
-- Data for Name: chambre; Type: TABLE DATA; Schema: public; Owner: postgres
--

COPY public.chambre (num_chambre, id_hotel, id_chaine, prix, commodites, capacite, vue, ajoute_lit, etat, disponibilite) FROM stdin;
101	1	1	150	TV, Climatisation, WiFi	1	Ville	f	bon état	libre
102	1	1	200	TV, Climatisation, WiFi, Minibar	2	Ville	f	bon état	libre
103	1	1	250	TV, Climatisation, WiFi, Minibar	2	Jardin	t	légères égratignures	libre
104	1	1	350	TV, Climatisation, WiFi, Minibar	4	Mer	t	bon état	libre
105	1	1	500	TV, Climatisation, WiFi, Minibar, Salon	6	Panoramique	t	bon état	libre
101	2	1	140	TV, Climatisation, WiFi	1	Ville	f	bon état	libre
102	2	1	190	TV, Climatisation, WiFi, Minibar	2	Jardin	f	bon état	libre
103	2	1	240	TV, Climatisation, WiFi, Minibar	2	Ville	t	robinet cassé	libre
104	2	1	300	TV, Climatisation, WiFi, Minibar, Balcon	3	Montagne	t	bon état	libre
105	2	1	400	TV, Climatisation, WiFi, Minibar	4	Panoramique	t	bon état	libre
106	2	1	520	TV, Climatisation, WiFi, Minibar, Salon	6	Mer	t	légères égratignures	libre
101	3	1	160	TV, Climatisation, WiFi	1	Ville	f	bon état	libre
102	3	1	210	TV, Climatisation, WiFi, Minibar	2	Ville	f	bon état	libre
103	3	1	260	TV, Climatisation, WiFi, Minibar	2	Jardin	t	bon état	libre
105	3	1	400	TV, Climatisation, WiFi, Minibar	4	Mer	t	bon état	libre
106	3	1	480	TV, Climatisation, WiFi, Minibar	4	Panoramique	t	bon état	libre
107	3	1	600	TV, Climatisation, WiFi, Minibar, Salon	6	Panoramique	t	bon état	libre
101	4	1	130	TV, Climatisation, WiFi	1	Jardin	f	bon état	libre
102	4	1	180	TV, Climatisation, WiFi, Minibar	2	Ville	f	bon état	libre
103	4	1	230	TV, Climatisation, WiFi, Minibar	2	Mer	t	bon état	libre
104	4	1	300	TV, Climatisation, WiFi, Minibar, Balcon	4	Panoramique	t	légères égratignures	libre
105	4	1	450	TV, Climatisation, WiFi, Minibar, Salon	6	Mer	t	bon état	libre
103	5	1	220	TV, Climatisation, WiFi, Minibar	2	Ville	t	bon état	libre
104	5	1	280	TV, Climatisation, WiFi, Minibar, Balcon	3	Montagne	t	robinet cassé	libre
105	5	1	370	TV, Climatisation, WiFi, Minibar	4	Panoramique	t	bon état	libre
106	5	1	490	TV, Climatisation, WiFi, Minibar, Salon	6	Mer	t	bon état	libre
101	6	1	100	TV, Climatisation, WiFi	1	Ville	f	bon état	libre
102	6	1	140	TV, Climatisation, WiFi, Minibar	2	Jardin	f	légères égratignures	libre
103	6	1	180	TV, Climatisation, WiFi, Minibar	2	Ville	t	bon état	libre
104	6	1	230	TV, Climatisation, WiFi, Minibar, Balcon	3	Montagne	t	bon état	libre
106	6	1	380	TV, Climatisation, WiFi, Minibar	4	Panoramique	t	bon état	libre
107	6	1	500	TV, Climatisation, WiFi, Minibar, Salon	6	Panoramique	t	bon état	libre
104	7	1	210	TV, Climatisation, WiFi, Minibar, Balcon	4	Montagne	t	légères égratignures	libre
105	7	1	300	TV, Climatisation, WiFi, Minibar, Salon	6	Panoramique	t	bon état	libre
101	8	1	110	TV, Climatisation, WiFi	1	Mer	f	bon état	libre
102	8	1	155	TV, Climatisation, WiFi, Minibar	2	Mer	f	bon état	libre
103	8	1	200	TV, Climatisation, WiFi, Minibar	2	Jardin	t	robinet cassé	libre
104	8	1	260	TV, Climatisation, WiFi, Minibar, Balcon	3	Montagne	t	bon état	libre
105	8	1	340	TV, Climatisation, WiFi, Minibar	4	Panoramique	t	bon état	libre
106	8	1	460	TV, Climatisation, WiFi, Minibar, Salon	6	Mer	t	bon état	libre
101	9	2	145	TV, Climatisation, WiFi	1	Ville	f	bon état	libre
102	9	2	195	TV, Climatisation, WiFi, Minibar	2	Jardin	f	bon état	libre
103	9	2	245	TV, Climatisation, WiFi, Minibar	2	Ville	t	légères égratignures	libre
104	9	2	310	TV, Climatisation, WiFi, Minibar, Balcon	3	Montagne	t	bon état	libre
105	9	2	400	TV, Climatisation, WiFi, Minibar	4	Mer	t	bon état	libre
107	9	2	600	TV, Climatisation, WiFi, Minibar, Salon	6	Panoramique	t	bon état	libre
101	10	2	135	TV, Climatisation, WiFi	1	Jardin	f	bon état	libre
102	10	2	185	TV, Climatisation, WiFi, Minibar	2	Ville	f	bon état	libre
103	10	2	235	TV, Climatisation, WiFi, Minibar	2	Mer	t	bon état	libre
104	10	2	310	TV, Climatisation, WiFi, Minibar, Balcon	4	Ville	t	légères égratignures	libre
105	10	2	460	TV, Climatisation, WiFi, Minibar, Salon	6	Panoramique	t	bon état	libre
101	11	2	125	TV, Climatisation, WiFi	1	Ville	f	bon état	libre
102	11	2	170	TV, Climatisation, WiFi, Minibar	2	Jardin	f	bon état	libre
103	11	2	215	TV, Climatisation, WiFi, Minibar	2	Ville	t	bon état	libre
104	11	2	280	TV, Climatisation, WiFi, Minibar, Balcon	3	Montagne	t	robinet cassé	libre
105	11	2	370	TV, Climatisation, WiFi, Minibar	4	Mer	t	bon état	libre
106	11	2	490	TV, Climatisation, WiFi, Minibar, Salon	6	Panoramique	t	bon état	libre
103	7	1	160	TV, Climatisation, WiFi, Minibar	2	Ville	t	bon état	libre
101	5	1	120	TV, Climatisation, WiFi	1	Ville	f	bon état	libre
102	7	1	120	TV, Climatisation, WiFi, Minibar	2	Jardin	f	bon état yay	libre
101	7	1	90	TV, Climatisation, WiFi	1	Ville	f	bon état	libre
102	5	1	170	TV, Climatisation, WiFi, Minibar	2	Jardin	f	bon état 	libre
101	12	2	155	TV, Climatisation, WiFi	1	Ville	f	bon état	libre
102	12	2	205	TV, Climatisation, WiFi, Minibar	2	Ville	f	bon état	libre
103	12	2	255	TV, Climatisation, WiFi, Minibar	2	Jardin	t	bon état	libre
105	12	2	400	TV, Climatisation, WiFi, Minibar	4	Mer	t	bon état	libre
106	12	2	480	TV, Climatisation, WiFi, Minibar	4	Panoramique	t	bon état	libre
107	12	2	600	TV, Climatisation, WiFi, Minibar, Salon	6	Panoramique	t	bon état	libre
101	13	2	115	TV, Climatisation, WiFi	1	Mer	f	bon état	libre
102	13	2	160	TV, Climatisation, WiFi, Minibar	2	Mer	f	bon état	libre
103	13	2	205	TV, Climatisation, WiFi, Minibar	2	Jardin	t	légères égratignures	libre
104	13	2	275	TV, Climatisation, WiFi, Minibar, Balcon	4	Panoramique	t	bon état	libre
105	13	2	395	TV, Climatisation, WiFi, Minibar, Salon	6	Mer	t	bon état	libre
101	14	2	105	TV, Climatisation, WiFi	1	Ville	f	bon état	libre
102	14	2	145	TV, Climatisation, WiFi, Minibar	2	Jardin	f	bon état	libre
103	14	2	185	TV, Climatisation, WiFi, Minibar	2	Ville	t	robinet cassé	libre
104	14	2	245	TV, Climatisation, WiFi, Minibar, Balcon	3	Montagne	t	bon état	libre
105	14	2	320	TV, Climatisation, WiFi, Minibar	4	Mer	t	bon état	libre
106	14	2	440	TV, Climatisation, WiFi, Minibar, Salon	6	Panoramique	t	bon état	libre
101	15	2	95	TV, Climatisation, WiFi	1	Mer	f	bon état	libre
102	15	2	130	TV, Climatisation, WiFi, Minibar	2	Mer	f	bon état	libre
103	15	2	165	TV, Climatisation, WiFi, Minibar	2	Jardin	t	bon état	libre
104	15	2	215	TV, Climatisation, WiFi, Minibar, Balcon	3	Montagne	t	légères égratignures	libre
105	15	2	280	TV, Climatisation, WiFi, Minibar	4	Panoramique	t	bon état	libre
106	15	2	350	TV, Climatisation, WiFi, Minibar	4	Mer	t	bon état	libre
107	15	2	460	TV, Climatisation, WiFi, Minibar, Salon	6	Panoramique	t	bon état	libre
101	16	2	110	TV, Climatisation, WiFi	1	Ville	f	bon état	libre
102	16	2	155	TV, Climatisation, WiFi, Minibar	2	Jardin	f	bon état	libre
104	16	2	270	TV, Climatisation, WiFi, Minibar, Balcon	4	Panoramique	t	bon état	libre
105	16	2	390	TV, Climatisation, WiFi, Minibar, Salon	6	Mer	t	bon état	libre
101	17	3	115	TV, Climatisation, WiFi	1	Ville	f	bon état	libre
102	17	3	160	TV, Climatisation, WiFi, Minibar	2	Jardin	f	bon état	libre
103	17	3	205	TV, Climatisation, WiFi, Minibar	2	Ville	t	bon état	libre
104	17	3	265	TV, Climatisation, WiFi, Minibar, Balcon	3	Montagne	t	légères égratignures	libre
105	17	3	345	TV, Climatisation, WiFi, Minibar	4	Mer	t	bon état	libre
106	17	3	465	TV, Climatisation, WiFi, Minibar, Salon	6	Panoramique	t	bon état	libre
101	18	3	175	TV, Climatisation, WiFi	1	Ville	f	bon état	libre
102	18	3	225	TV, Climatisation, WiFi, Minibar	2	Jardin	f	bon état	libre
103	18	3	275	TV, Climatisation, WiFi, Minibar	2	Mer	t	bon état	libre
104	18	3	340	TV, Climatisation, WiFi, Minibar, Balcon	3	Montagne	t	robinet cassé	libre
105	18	3	420	TV, Climatisation, WiFi, Minibar	4	Panoramique	t	bon état	libre
106	18	3	500	TV, Climatisation, WiFi, Minibar	4	Mer	t	bon état	libre
107	18	3	630	TV, Climatisation, WiFi, Minibar, Salon	6	Panoramique	t	bon état	libre
101	19	3	160	TV, Climatisation, WiFi	1	Ville	f	bon état	libre
102	19	3	210	TV, Climatisation, WiFi, Minibar	2	Ville	f	bon état	libre
104	19	3	330	TV, Climatisation, WiFi, Minibar, Balcon	4	Mer	t	bon état	libre
105	19	3	480	TV, Climatisation, WiFi, Minibar, Salon	6	Panoramique	t	bon état	libre
101	20	3	145	TV, Climatisation, WiFi	1	Ville	f	bon état	libre
102	20	3	195	TV, Climatisation, WiFi, Minibar	2	Mer	f	bon état	libre
103	20	3	245	TV, Climatisation, WiFi, Minibar	2	Mer	t	bon état	libre
104	20	3	310	TV, Climatisation, WiFi, Minibar, Balcon	3	Panoramique	t	légères égratignures	libre
105	20	3	400	TV, Climatisation, WiFi, Minibar	4	Montagne	t	bon état	libre
106	20	3	520	TV, Climatisation, WiFi, Minibar, Salon	6	Panoramique	t	bon état	libre
101	21	3	130	TV, Climatisation, WiFi	1	Ville	f	bon état	libre
102	21	3	175	TV, Climatisation, WiFi, Minibar	2	Jardin	f	bon état	libre
103	21	3	220	TV, Climatisation, WiFi, Minibar	2	Ville	t	bon état	libre
104	21	3	280	TV, Climatisation, WiFi, Minibar, Balcon	3	Montagne	t	robinet cassé	libre
105	21	3	360	TV, Climatisation, WiFi, Minibar	4	Mer	t	bon état	libre
106	21	3	440	TV, Climatisation, WiFi, Minibar	4	Panoramique	t	bon état	libre
107	21	3	560	TV, Climatisation, WiFi, Minibar, Salon	6	Panoramique	t	bon état	libre
101	22	3	105	TV, Climatisation, WiFi	1	Ville	f	bon état	libre
102	22	3	145	TV, Climatisation, WiFi, Minibar	2	Jardin	f	légères égratignures	libre
103	22	3	185	TV, Climatisation, WiFi, Minibar	2	Ville	t	bon état	libre
104	22	3	245	TV, Climatisation, WiFi, Minibar, Balcon	4	Montagne	t	bon état	libre
103	16	2	200	TV, Climatisation, WiFi, Minibar	2	Ville	t	tache sur tapis	libre
105	22	3	355	TV, Climatisation, WiFi, Minibar, Salon	6	Panoramique	t	bon état	libre
101	23	3	120	TV, Climatisation, WiFi	1	Mer	f	bon état	libre
102	23	3	165	TV, Climatisation, WiFi, Minibar	2	Mer	f	bon état	libre
103	23	3	210	TV, Climatisation, WiFi, Minibar	2	Jardin	t	bon état	libre
105	23	3	350	TV, Climatisation, WiFi, Minibar	4	Montagne	t	bon état	libre
106	23	3	470	TV, Climatisation, WiFi, Minibar, Salon	6	Mer	t	bon état	libre
101	24	3	95	TV, Climatisation, WiFi	1	Ville	f	bon état	libre
102	24	3	130	TV, Climatisation, WiFi, Minibar	2	Jardin	f	bon état	libre
103	24	3	165	TV, Climatisation, WiFi, Minibar	2	Ville	t	légères égratignures	libre
104	24	3	215	TV, Climatisation, WiFi, Minibar, Balcon	3	Montagne	t	bon état	libre
105	24	3	280	TV, Climatisation, WiFi, Minibar	4	Panoramique	t	bon état	libre
106	24	3	350	TV, Climatisation, WiFi, Minibar	4	Mer	t	bon état	libre
107	24	3	450	TV, Climatisation, WiFi, Minibar, Salon	6	Panoramique	t	bon état	libre
101	25	4	95	TV, Climatisation, WiFi	1	Ville	f	bon état	libre
102	25	4	130	TV, Climatisation, WiFi, Minibar	2	Jardin	f	bon état	libre
103	25	4	165	TV, Climatisation, WiFi, Minibar	2	Ville	t	robinet cassé	libre
104	25	4	215	TV, Climatisation, WiFi, Minibar, Balcon	4	Panoramique	t	bon état	libre
105	25	4	310	TV, Climatisation, WiFi, Minibar, Salon	6	Mer	t	bon état	libre
101	26	4	90	TV, Climatisation, WiFi	1	Ville	f	bon état	libre
102	26	4	125	TV, Climatisation, WiFi, Minibar	2	Jardin	f	bon état	libre
103	26	4	160	TV, Climatisation, WiFi, Minibar	2	Ville	t	bon état	libre
104	26	4	210	TV, Climatisation, WiFi, Minibar, Balcon	3	Montagne	t	légères égratignures	libre
105	26	4	275	TV, Climatisation, WiFi, Minibar	4	Mer	t	bon état	libre
106	26	4	375	TV, Climatisation, WiFi, Minibar, Salon	6	Panoramique	t	bon état	libre
101	27	4	100	TV, Climatisation, WiFi	1	Ville	f	bon état	libre
102	27	4	140	TV, Climatisation, WiFi, Minibar	2	Jardin	f	bon état	libre
104	27	4	235	TV, Climatisation, WiFi, Minibar, Balcon	3	Montagne	t	bon état	libre
105	27	4	305	TV, Climatisation, WiFi, Minibar	4	Mer	t	bon état	libre
106	27	4	385	TV, Climatisation, WiFi, Minibar	4	Panoramique	t	bon état	libre
107	27	4	490	TV, Climatisation, WiFi, Minibar, Salon	6	Panoramique	t	bon état	libre
101	28	4	85	TV, Climatisation, WiFi	1	Ville	f	bon état	libre
102	28	4	115	TV, Climatisation, WiFi, Minibar	2	Jardin	f	bon état	libre
103	28	4	150	TV, Climatisation, WiFi, Minibar	2	Ville	t	bon état	libre
104	28	4	195	TV, Climatisation, WiFi, Minibar, Balcon	4	Montagne	t	légères égratignures	libre
105	28	4	280	TV, Climatisation, WiFi, Minibar, Salon	6	Panoramique	t	bon état	libre
101	29	4	110	TV, Climatisation, WiFi	1	Mer	f	bon état	libre
102	29	4	150	TV, Climatisation, WiFi, Minibar	2	Mer	f	bon état	libre
103	29	4	190	TV, Climatisation, WiFi, Minibar	2	Jardin	t	robinet cassé	libre
104	29	4	250	TV, Climatisation, WiFi, Minibar, Balcon	3	Panoramique	t	bon état	libre
105	29	4	325	TV, Climatisation, WiFi, Minibar	4	Montagne	t	bon état	libre
106	29	4	435	TV, Climatisation, WiFi, Minibar, Salon	6	Mer	t	bon état	libre
101	30	4	155	TV, Climatisation, WiFi	1	Mer	f	bon état	libre
102	30	4	205	TV, Climatisation, WiFi, Minibar	2	Mer	f	bon état	libre
103	30	4	255	TV, Climatisation, WiFi, Minibar	2	Jardin	t	bon état	libre
105	30	4	410	TV, Climatisation, WiFi, Minibar	4	Montagne	t	bon état	libre
106	30	4	490	TV, Climatisation, WiFi, Minibar	4	Panoramique	t	bon état	libre
107	30	4	620	TV, Climatisation, WiFi, Minibar, Salon	6	Mer	t	bon état	libre
101	31	4	80	TV, Climatisation, WiFi	1	Ville	f	bon état	libre
102	31	4	110	TV, Climatisation, WiFi, Minibar	2	Jardin	f	légères égratignures	libre
103	31	4	145	TV, Climatisation, WiFi, Minibar	2	Ville	t	bon état	libre
104	31	4	190	TV, Climatisation, WiFi, Minibar, Balcon	4	Montagne	t	bon état	libre
105	31	4	270	TV, Climatisation, WiFi, Minibar, Salon	6	Panoramique	t	bon état	libre
101	32	4	115	TV, Climatisation, WiFi	1	Ville	f	bon état	libre
102	32	4	155	TV, Climatisation, WiFi, Minibar	2	Jardin	f	bon état	libre
103	32	4	195	TV, Climatisation, WiFi, Minibar	2	Ville	t	bon état	libre
104	32	4	255	TV, Climatisation, WiFi, Minibar, Balcon	3	Montagne	t	robinet cassé	libre
105	32	4	330	TV, Climatisation, WiFi, Minibar	4	Mer	t	bon état	libre
106	32	4	445	TV, Climatisation, WiFi, Minibar, Salon	6	Panoramique	t	bon état	libre
101	33	5	80	TV, Climatisation, WiFi	1	Mer	f	bon état	libre
102	33	5	110	TV, Climatisation, WiFi, Minibar	2	Mer	f	bon état	libre
103	33	5	140	TV, Climatisation, WiFi, Minibar	2	Jardin	t	bon état	libre
104	33	5	185	TV, Climatisation, WiFi, Minibar, Balcon	3	Montagne	t	légères égratignures	libre
105	33	5	240	TV, Climatisation, WiFi, Minibar	4	Panoramique	t	bon état	libre
106	33	5	305	TV, Climatisation, WiFi, Minibar	4	Mer	t	bon état	libre
107	33	5	390	TV, Climatisation, WiFi, Minibar, Salon	6	Panoramique	t	bon état	libre
101	34	5	75	TV, Climatisation, WiFi	1	Mer	f	bon état	libre
103	34	5	135	TV, Climatisation, WiFi, Minibar	2	Jardin	t	bon état	libre
104	34	5	175	TV, Climatisation, WiFi, Minibar, Balcon	4	Panoramique	t	bon état	libre
105	34	5	250	TV, Climatisation, WiFi, Minibar, Salon	6	Mer	t	bon état	libre
101	35	5	165	TV, Climatisation, WiFi	1	Ville	f	bon état	libre
103	35	5	265	TV, Climatisation, WiFi, Minibar	2	Ville	t	légères égratignures	libre
104	35	5	330	TV, Climatisation, WiFi, Minibar, Balcon	3	Montagne	t	bon état	libre
105	35	5	425	TV, Climatisation, WiFi, Minibar	4	Panoramique	t	bon état	libre
106	35	5	545	TV, Climatisation, WiFi, Minibar, Salon	6	Mer	t	bon état	libre
101	36	5	100	TV, Climatisation, WiFi	1	Ville	f	bon état	libre
102	36	5	135	TV, Climatisation, WiFi, Minibar	2	Jardin	f	bon état	libre
103	36	5	170	TV, Climatisation, WiFi, Minibar	2	Ville	t	robinet cassé	libre
104	36	5	220	TV, Climatisation, WiFi, Minibar, Balcon	3	Montagne	t	bon état	libre
105	36	5	285	TV, Climatisation, WiFi, Minibar	4	Mer	t	bon état	libre
106	36	5	360	TV, Climatisation, WiFi, Minibar	4	Panoramique	t	bon état	libre
107	36	5	460	TV, Climatisation, WiFi, Minibar, Salon	6	Panoramique	t	bon état	libre
101	37	5	120	TV, Climatisation, WiFi	1	Ville	f	bon état	libre
102	37	5	160	TV, Climatisation, WiFi, Minibar	2	Jardin	f	bon état	libre
103	37	5	200	TV, Climatisation, WiFi, Minibar	2	Ville	t	bon état	libre
105	37	5	370	TV, Climatisation, WiFi, Minibar, Salon	6	Panoramique	t	bon état	libre
101	38	5	95	TV, Climatisation, WiFi	1	Ville	f	bon état	libre
102	38	5	130	TV, Climatisation, WiFi, Minibar	2	Jardin	f	bon état	libre
103	38	5	165	TV, Climatisation, WiFi, Minibar	2	Ville	t	légères égratignures	libre
104	38	5	215	TV, Climatisation, WiFi, Minibar, Balcon	3	Montagne	t	bon état	libre
105	38	5	280	TV, Climatisation, WiFi, Minibar	4	Mer	t	bon état	libre
106	38	5	375	TV, Climatisation, WiFi, Minibar, Salon	6	Panoramique	t	bon état	libre
101	39	5	135	TV, Climatisation, WiFi	1	Mer	f	bon état	libre
102	39	5	180	TV, Climatisation, WiFi, Minibar	2	Mer	f	bon état	libre
103	39	5	225	TV, Climatisation, WiFi, Minibar	2	Jardin	t	bon état	libre
104	39	5	285	TV, Climatisation, WiFi, Minibar, Balcon	3	Panoramique	t	robinet cassé	libre
105	39	5	365	TV, Climatisation, WiFi, Minibar	4	Montagne	t	bon état	libre
106	39	5	445	TV, Climatisation, WiFi, Minibar	4	Mer	t	bon état	libre
107	39	5	565	TV, Climatisation, WiFi, Minibar, Salon	6	Panoramique	t	bon état	libre
101	40	5	110	TV, Climatisation, WiFi	1	Mer	f	bon état	libre
102	40	5	150	TV, Climatisation, WiFi, Minibar	2	Mer	f	bon état	libre
103	40	5	190	TV, Climatisation, WiFi, Minibar	2	Jardin	t	bon état	libre
104	40	5	245	TV, Climatisation, WiFi, Minibar, Balcon	4	Panoramique	t	légères égratignures	libre
105	40	5	350	TV, Climatisation, WiFi, Minibar, Salon	6	Mer	t	bon état	libre
104	3	1	320	TV, Climatisation, WiFi, Minibar, Balcon	3	Montagne	t	tache sur tapis	libre
105	6	1	300	TV, Climatisation, WiFi, Minibar	4	Mer	t	tache sur tapis	libre
106	9	2	480	TV, Climatisation, WiFi, Minibar	4	Panoramique	t	tache sur tapis	libre
104	12	2	320	TV, Climatisation, WiFi, Minibar, Balcon	3	Montagne	t	tache sur tapis	libre
103	19	3	260	TV, Climatisation, WiFi, Minibar	2	Jardin	t	tache sur tapis	libre
104	23	3	270	TV, Climatisation, WiFi, Minibar, Balcon	3	Panoramique	t	tache sur tapis	libre
103	27	4	180	TV, Climatisation, WiFi, Minibar	2	Ville	t	tache sur tapis	libre
104	30	4	320	TV, Climatisation, WiFi, Minibar, Balcon	3	Panoramique	t	tache sur tapis	libre
102	34	5	105	TV, Climatisation, WiFi, Minibar	2	Mer	f	tache sur tapis	libre
104	37	5	260	TV, Climatisation, WiFi, Minibar, Balcon	4	Montagne	t	tache sur tapis	libre
102	35	5	215	TV, Climatisation, WiFi, Minibar	2	Jardin	f	bon état	libre
\.


--
-- Data for Name: client; Type: TABLE DATA; Schema: public; Owner: postgres
--

COPY public.client (id_client, nom_complet, adresse, nas_client, date_inscription, email, telephone, mot_de_passe) FROM stdin;
1000	Sophie Tremblay	123 rue Laval, Montréal	123-456-789	2026-04-09 23:30:44.378273	sophie.tremblay@email.com	514-111-0001	12345
1001	Liam Gagnon	456 rue Saint-Denis, Québec	234-567-890	2026-04-09 23:30:44.383406	liam.gagnon@email.com	418-111-0002	12345
1002	Emma Bouchard	789 avenue Laurier, Ottawa	345-678-901	2026-04-09 23:30:44.383798	emma.bouchard@email.com	613-111-0003	12345
1003	Noah Roy	321 rue King, Toronto	456-789-012	2026-04-09 23:30:44.38394	noah.roy@email.com	416-111-0004	12345
1004	Olivia Côté	654 avenue Robson, Vancouver	567-890-123	2026-04-09 23:30:44.384088	olivia.cote@email.com	604-111-0005	12345
1005	William Fortin	987 rue Macleod, Calgary	678-901-234	2026-04-09 23:30:44.384231	william.fortin@email.com	403-111-0006	12345
1006	Charlotte Bergeron	147 rue Jasper, Edmonton	789-012-345	2026-04-09 23:30:44.384389	charlotte.bergeron@email.com	780-111-0007	12345
1007	James Leblanc	258 avenue Portage, Winnipeg	890-123-456	2026-04-09 23:30:44.384481	james.leblanc@email.com	204-111-0008	12345
1008	Amelia Gauthier	369 rue Spring Garden, Halifax	901-234-567	2026-04-09 23:30:44.384602	amelia.gauthier@email.com	902-111-0009	12345
1009	Ethan Morin	111 rue Victoria, Regina	012-345-678	2026-04-09 23:30:44.384799	ethan.morin@email.com	306-111-0010	12345
\.


--
-- Data for Name: employe; Type: TABLE DATA; Schema: public; Owner: postgres
--

COPY public.employe (id_employe, nom_complet, adresse, nas_employe, role, id_hotel, mot_de_passe) FROM stdin;
2000	Marc Dupont	111 rue Sherbrooke, Montréal	100-000-001	gestionnaire	1	12345
2001	Julie Nadeau	112 rue Sherbrooke, Montréal	100-000-002	réceptionniste	1	12345
2002	Pierre Lavoie	222 rue Peel, Montréal	100-000-003	gestionnaire	2	12345
2003	Marie Ouellet	223 rue Peel, Montréal	100-000-004	réceptionniste	2	12345
2004	Jean Pelletier	333 rue King, Toronto	100-000-005	gestionnaire	3	12345
2005	Anne Simard	334 rue King, Toronto	100-000-006	réceptionniste	3	12345
2006	Louis Girard	444 avenue Victoria, Vancouver	100-000-007	gestionnaire	4	12345
2007	Claire Savard	445 avenue Victoria, Vancouver	100-000-008	réceptionniste	4	12345
2008	François Lemieux	555 rue Rideau, Ottawa	100-000-009	gestionnaire	5	12345
2009	Isabelle Côté	556 rue Rideau, Ottawa	100-000-010	réceptionniste	5	12345
2010	René Bouchard	666 avenue Décarie, Calgary	100-000-011	gestionnaire	6	12345
2011	Sylvie Gagnon	667 avenue Décarie, Calgary	100-000-012	réceptionniste	6	12345
2012	Michel Tremblay	777 rue Saint-Jean, Québec	100-000-013	gestionnaire	7	12345
2013	Nathalie Roy	778 rue Saint-Jean, Québec	100-000-014	réceptionniste	7	12345
2014	Paul Fortin	888 rue Main, Halifax	100-000-015	gestionnaire	8	12345
2015	Lucie Gauthier	889 rue Main, Halifax	100-000-016	réceptionniste	8	12345
2016	André Leblanc	123 rue Sainte-Catherine, Montréal	100-000-017	gestionnaire	9	12345
2017	Monique Bergeron	124 rue Sainte-Catherine, Montréal	100-000-018	réceptionniste	9	12345
2018	Gilles Morin	234 rue Peel, Montréal	100-000-019	gestionnaire	10	12345
2019	Hélène Lavoie	235 rue Peel, Montréal	100-000-020	réceptionniste	10	12345
2020	Denis Pelletier	345 avenue Portage, Winnipeg	100-000-021	gestionnaire	11	12345
2021	Céline Ouellet	346 avenue Portage, Winnipeg	100-000-022	réceptionniste	11	12345
2022	Robert Simard	456 rue University, Toronto	100-000-023	gestionnaire	12	12345
2023	Josée Girard	457 rue University, Toronto	100-000-024	réceptionniste	12	12345
2024	Alain Savard	567 rue Granville, Vancouver	100-000-025	gestionnaire	13	12345
2025	Diane Lemieux	568 rue Granville, Vancouver	100-000-026	réceptionniste	13	12345
2026	Serge Côté	678 avenue Laurier, Ottawa	100-000-027	gestionnaire	14	12345
2027	Chantal Bouchard	679 avenue Laurier, Ottawa	100-000-028	réceptionniste	14	12345
2028	Bruno Gagnon	789 rue Spring Garden, Halifax	100-000-029	gestionnaire	15	12345
2029	Martine Roy	790 rue Spring Garden, Halifax	100-000-030	réceptionniste	15	12345
2030	Pascal Tremblay	890 rue Victoria, Regina	100-000-031	gestionnaire	16	12345
2031	Véronique Nadeau	891 rue Victoria, Regina	100-000-032	réceptionniste	16	12345
2032	Stéphane Fortin	101 rue Drummond, Montréal	100-000-033	gestionnaire	17	12345
2033	Caroline Simard	102 rue Drummond, Montréal	100-000-034	réceptionniste	17	12345
2034	Yves Girard	202 avenue du Mont-Royal, Montréal	100-000-035	gestionnaire	18	12345
2035	Andrée Savard	203 avenue du Mont-Royal, Montréal	100-000-036	réceptionniste	18	12345
2036	Benoît Lemieux	303 rue Yonge, Toronto	100-000-037	gestionnaire	19	12345
2037	Francine Côté	304 rue Yonge, Toronto	100-000-038	réceptionniste	19	12345
2038	Normand Bouchard	404 avenue Robson, Vancouver	100-000-039	gestionnaire	20	12345
2039	Ginette Morin	405 avenue Robson, Vancouver	100-000-040	réceptionniste	20	12345
2040	Claude Lavoie	505 rue Wellington, Ottawa	100-000-041	gestionnaire	21	12345
2041	Lise Pelletier	506 rue Wellington, Ottawa	100-000-042	réceptionniste	21	12345
2042	Gaétan Ouellet	606 avenue 17th, Calgary	100-000-043	gestionnaire	22	12345
2043	Johanne Simard	607 avenue 17th, Calgary	100-000-044	réceptionniste	22	12345
2044	Éric Girard	707 rue Whyte, Edmonton	100-000-045	gestionnaire	23	12345
2045	Suzanne Savard	708 rue Whyte, Edmonton	100-000-046	réceptionniste	23	12345
2046	Ghislain Lemieux	808 rue Notre-Dame, Winnipeg	100-000-047	gestionnaire	24	12345
2047	Danielle Côté	809 rue Notre-Dame, Winnipeg	100-000-048	réceptionniste	24	12345
2048	Sylvain Bouchard	111 rue Saint-Urbain, Toronto	100-000-049	gestionnaire	25	12345
2049	Manon Morin	112 rue Saint-Urbain, Toronto	100-000-050	réceptionniste	25	12345
2050	Patrice Lavoie	222 avenue Bay, Toronto	100-000-051	gestionnaire	26	12345
2051	Nancy Pelletier	223 avenue Bay, Toronto	100-000-052	réceptionniste	26	12345
2052	Frédéric Ouellet	333 rue Rideau, Ottawa	100-000-053	gestionnaire	27	12345
2053	Mireille Simard	334 rue Rideau, Ottawa	100-000-054	réceptionniste	27	12345
2054	Jonathan Girard	444 rue Saint-Jean, Québec	100-000-055	gestionnaire	28	12345
2055	Pascale Savard	445 rue Saint-Jean, Québec	100-000-056	réceptionniste	28	12345
2056	Sébastien Lemieux	555 avenue Ste-Anne, Halifax	100-000-057	gestionnaire	29	12345
2057	Isabelle Côté	556 avenue Ste-Anne, Halifax	100-000-058	réceptionniste	29	12345
2058	Mathieu Bouchard	666 rue Granville, Vancouver	100-000-059	gestionnaire	30	12345
2059	Karine Morin	667 rue Granville, Vancouver	100-000-060	réceptionniste	30	12345
2060	Alexandre Lavoie	777 avenue Macleod, Calgary	100-000-061	gestionnaire	31	12345
2061	Mélanie Pelletier	778 avenue Macleod, Calgary	100-000-062	réceptionniste	31	12345
2062	Nicolas Ouellet	888 rue Jasper, Edmonton	100-000-063	gestionnaire	32	12345
2063	Valérie Simard	889 rue Jasper, Edmonton	100-000-064	réceptionniste	32	12345
2064	Maxime Girard	123 rue de la Montagne, Vancouver	100-000-065	gestionnaire	33	12345
2065	Audrey Savard	124 rue de la Montagne, Vancouver	100-000-066	réceptionniste	33	12345
2066	Olivier Lemieux	234 avenue Burrard, Vancouver	100-000-067	gestionnaire	34	12345
2067	Roxanne Côté	235 avenue Burrard, Vancouver	100-000-068	réceptionniste	34	12345
2068	Gabriel Bouchard	345 rue Principale, Québec	100-000-069	gestionnaire	35	12345
2069	Émilie Morin	346 rue Principale, Québec	100-000-070	réceptionniste	35	12345
2070	Samuel Lavoie	456 boulevard Décarie, Montréal	100-000-071	gestionnaire	36	12345
2071	Laurie Pelletier	457 boulevard Décarie, Montréal	100-000-072	réceptionniste	36	12345
2072	Raphaël Ouellet	567 rue King, Hamilton	100-000-073	gestionnaire	37	12345
2073	Maude Simard	568 rue King, Hamilton	100-000-074	réceptionniste	37	12345
2074	Alexis Girard	678 avenue des Pins, Ottawa	100-000-075	gestionnaire	38	12345
2075	Camille Savard	679 avenue des Pins, Ottawa	100-000-076	réceptionniste	38	12345
2076	Antoine Lemieux	789 rue Princess, Winnipeg	100-000-077	gestionnaire	39	12345
2077	Jade Côté	790 rue Princess, Winnipeg	100-000-078	réceptionniste	39	12345
2078	Thomas Bouchard	890 rue South Park, Halifax	100-000-079	gestionnaire	40	12345
2079	Léa Morin	891 rue South Park, Halifax	100-000-080	réceptionniste	40	12345
\.


--
-- Data for Name: hotel; Type: TABLE DATA; Schema: public; Owner: postgres
--

COPY public.hotel (id_hotel, id_chaine, adresse, no_chambre, email, telephone, id_gestionnaire, categorie, nom_hotel) FROM stdin;
6	1	666 avenue Décarie, Calgary	7	h6@marriott.com	403-001-0006	2010	2	Marriott Calgary Downtown
11	2	345 avenue Portage, Winnipeg	6	h3@hilton.com	204-002-0003	2020	4	Hilton Winnipeg Airport Suites
12	2	456 rue University, Toronto	7	h4@hilton.com	416-002-0004	2022	5	Hilton Toronto Downtown
13	2	567 rue Granville, Vancouver	5	h5@hilton.com	604-002-0005	2024	3	Hilton Vancouver Granville
17	3	101 rue Drummond, Montréal	6	h1@hyatt.com	514-003-0001	2032	3	Hyatt Regency Montréal
23	3	707 rue Whyte, Edmonton	6	h7@hyatt.com	780-003-0007	2044	2	Hyatt Place Edmonton Whyte
24	3	808 rue Notre-Dame, Winnipeg	7	h8@hyatt.com	204-003-0008	2046	1	Hyatt House Winnipeg
25	4	111 rue Saint-Urbain, Toronto	5	h1@bestwestern.com	416-004-0001	2048	2	Best Western Plus Toronto Airport
26	4	222 avenue Bay, Toronto	6	h2@bestwestern.com	416-004-0002	2050	2	Best Western Toronto Bay
27	4	333 rue Rideau, Ottawa	7	h3@bestwestern.com	613-004-0003	2052	2	Best Western Plus Ottawa
28	4	444 rue Saint-Jean, Québec	5	h4@bestwestern.com	418-004-0004	2054	3	Best Western Québec City
29	4	555 avenue Ste-Anne, Halifax	6	h5@bestwestern.com	902-004-0005	2056	4	Best Western Plus Halifax
30	4	666 rue Granville, Vancouver	7	h6@bestwestern.com	604-004-0006	2058	5	Best Western Vancouver Granville
31	4	777 avenue Macleod, Calgary	5	h7@bestwestern.com	403-004-0007	2060	1	Best Western Calgary Macleod
32	4	888 rue Jasper, Edmonton	6	h8@bestwestern.com	780-004-0008	2062	4	Best Western Plus Edmonton Jasper
33	5	123 rue de la Montagne, Vancouver	7	h1@wyndham.com	604-005-0001	2064	1	Wyndham Vancouver Montagne
34	5	234 avenue Burrard, Vancouver	5	h2@wyndham.com	604-005-0002	2066	1	Wyndham Vancouver Burrard
35	5	345 rue Principale, Québec	6	h3@wyndham.com	418-005-0003	2068	5	Wyndham Grand Québec
36	5	456 boulevard Décarie, Montréal	7	h4@wyndham.com	514-005-0004	2070	4	Wyndham Montréal Décarie
37	5	567 rue King, Hamilton	5	h5@wyndham.com	905-005-0005	2072	3	Wyndham Hamilton King
38	5	678 avenue des Pins, Ottawa	6	h6@wyndham.com	613-005-0006	2074	2	Wyndham Ottawa Garden
39	5	789 rue Princess, Winnipeg	7	h7@wyndham.com	204-005-0007	2076	3	Wyndham Winnipeg Downtown
40	5	890 rue South Park, Halifax	5	h8@wyndham.com	902-005-0008	2078	3	Wyndham Halifax South Park
1	1	111 boulevard René-Lévesque, Montréal	5	h1@marriott.com	514-001-0001	2000	5	Marriott Montréal Centre-Ville
2	1	222 rue Sherbrooke, Montréal	6	h2@marriott.com	514-001-0002	2002	5	Marriott Montréal Sherbrooke
3	1	333 rue King, Toronto	7	h3@marriott.com	416-001-0003	2004	5	Marriott Toronto King
4	1	444 avenue Victoria, Vancouver	5	h4@marriott.com	604-001-0004	2006	4	Marriott Vancouver Waterfront
5	1	555 rue Rideau, Ottawa	6	h5@marriott.com	613-001-0005	2008	3	Marriott Ottawa Rideau
7	1	777 rue Saint-Jean, Québec	5	h7@marriott.com	418-001-0007	2012	1	Marriott Québec Vieux-Port
8	1	888 rue Main, Halifax	6	h8@marriott.com	902-001-0008	2014	4	Marriott Halifax Harbourfront
9	2	123 rue Sainte-Catherine, Montréal	7	h1@hilton.com	514-002-0001	2016	4	Hilton Montréal Bonaventure
10	2	234 rue Peel, Montréal	5	h2@hilton.com	514-002-0002	2018	4	Hilton Montréal Midtown
14	2	678 avenue Laurier, Ottawa	6	h6@hilton.com	613-002-0006	2026	2	Hilton Ottawa Laurier
15	2	789 rue Spring Garden, Halifax	7	h7@hilton.com	902-002-0007	2028	1	Hilton Halifax Garden Inn
16	2	890 rue Victoria, Regina	5	h8@hilton.com	306-002-0008	2030	5	Hilton Regina Plaza
18	3	202 avenue du Mont-Royal, Montréal	7	h2@hyatt.com	514-003-0002	2034	5	Hyatt Place Montréal Mont-Royal
19	3	303 rue Yonge, Toronto	5	h3@hyatt.com	416-003-0003	2036	5	Hyatt Regency Toronto
20	3	404 avenue Robson, Vancouver	6	h4@hyatt.com	604-003-0004	2038	5	Hyatt Regency Vancouver
21	3	505 rue Wellington, Ottawa	7	h5@hyatt.com	613-003-0005	2040	4	Hyatt Place Ottawa
22	3	606 avenue 17th, Calgary	5	h6@hyatt.com	403-003-0006	2042	3	Hyatt House Calgary
\.


--
-- Data for Name: location; Type: TABLE DATA; Schema: public; Owner: postgres
--

COPY public.location (date_check_in, date_check_out, status, num_chambre, id_reservation, id_employe, id_client, id_hotel, id_chaine, id_location) FROM stdin;
\.


--
-- Data for Name: reservation; Type: TABLE DATA; Schema: public; Owner: postgres
--

COPY public.reservation (id_reservation, date_debut, date_fin, status, num_chambre, id_client, id_hotel, id_chaine) FROM stdin;
\.


--
-- Name: archive_id_archive_seq; Type: SEQUENCE SET; Schema: public; Owner: postgres
--

SELECT pg_catalog.setval('public.archive_id_archive_seq', 183, true);


--
-- Name: location_id_location_seq; Type: SEQUENCE SET; Schema: public; Owner: postgres
--

SELECT pg_catalog.setval('public.location_id_location_seq', 13, true);


--
-- Name: reservation_id_reservation_seq; Type: SEQUENCE SET; Schema: public; Owner: postgres
--

SELECT pg_catalog.setval('public.reservation_id_reservation_seq', 17, true);


--
-- Name: archive archive_pkey; Type: CONSTRAINT; Schema: public; Owner: postgres
--

ALTER TABLE ONLY public.archive
    ADD CONSTRAINT archive_pkey PRIMARY KEY (id_archive);


--
-- Name: chaines_hotelières chaines_hotelières_pkey; Type: CONSTRAINT; Schema: public; Owner: postgres
--

ALTER TABLE ONLY public."chaines_hotelières"
    ADD CONSTRAINT "chaines_hotelières_pkey" PRIMARY KEY (id_chaine);


--
-- Name: chambre chambre_pkey; Type: CONSTRAINT; Schema: public; Owner: postgres
--

ALTER TABLE ONLY public.chambre
    ADD CONSTRAINT chambre_pkey PRIMARY KEY (num_chambre, id_hotel, id_chaine);


--
-- Name: client client_pkey; Type: CONSTRAINT; Schema: public; Owner: postgres
--

ALTER TABLE ONLY public.client
    ADD CONSTRAINT client_pkey PRIMARY KEY (id_client);


--
-- Name: employe employe_pkey; Type: CONSTRAINT; Schema: public; Owner: postgres
--

ALTER TABLE ONLY public.employe
    ADD CONSTRAINT employe_pkey PRIMARY KEY (id_employe);


--
-- Name: hotel hotel_pkey; Type: CONSTRAINT; Schema: public; Owner: postgres
--

ALTER TABLE ONLY public.hotel
    ADD CONSTRAINT hotel_pkey PRIMARY KEY (id_hotel);


--
-- Name: location location_pkey; Type: CONSTRAINT; Schema: public; Owner: postgres
--

ALTER TABLE ONLY public.location
    ADD CONSTRAINT location_pkey PRIMARY KEY (id_location);


--
-- Name: reservation reservation_pkey; Type: CONSTRAINT; Schema: public; Owner: postgres
--

ALTER TABLE ONLY public.reservation
    ADD CONSTRAINT reservation_pkey PRIMARY KEY (id_reservation);


--
-- Name: idx_chambre_dispo; Type: INDEX; Schema: public; Owner: postgres
--

CREATE INDEX idx_chambre_dispo ON public.chambre USING btree (disponibilite);


--
-- Name: idx_res_date_range; Type: INDEX; Schema: public; Owner: postgres
--

CREATE INDEX idx_res_date_range ON public.reservation USING btree (date_debut, date_fin);


--
-- Name: location trg_room_free_delete; Type: TRIGGER; Schema: public; Owner: postgres
--

CREATE TRIGGER trg_room_free_delete AFTER DELETE ON public.location FOR EACH ROW EXECUTE FUNCTION public.set_room_free_on_delete();


--
-- Name: location trg_room_occupied; Type: TRIGGER; Schema: public; Owner: postgres
--

CREATE TRIGGER trg_room_occupied AFTER INSERT ON public.location FOR EACH ROW EXECUTE FUNCTION public.set_room_occupied();


--
-- Name: chambre chambre_id_chaine_fkey; Type: FK CONSTRAINT; Schema: public; Owner: postgres
--

ALTER TABLE ONLY public.chambre
    ADD CONSTRAINT chambre_id_chaine_fkey FOREIGN KEY (id_chaine) REFERENCES public."chaines_hotelières"(id_chaine);


--
-- Name: chambre chambre_id_hotel_fkey; Type: FK CONSTRAINT; Schema: public; Owner: postgres
--

ALTER TABLE ONLY public.chambre
    ADD CONSTRAINT chambre_id_hotel_fkey FOREIGN KEY (id_hotel) REFERENCES public.hotel(id_hotel);


--
-- Name: employe employe_id_hotel_fkey; Type: FK CONSTRAINT; Schema: public; Owner: postgres
--

ALTER TABLE ONLY public.employe
    ADD CONSTRAINT employe_id_hotel_fkey FOREIGN KEY (id_hotel) REFERENCES public.hotel(id_hotel);


--
-- Name: hotel hotel_id_chaine_fkey; Type: FK CONSTRAINT; Schema: public; Owner: postgres
--

ALTER TABLE ONLY public.hotel
    ADD CONSTRAINT hotel_id_chaine_fkey FOREIGN KEY (id_chaine) REFERENCES public."chaines_hotelières"(id_chaine);


--
-- Name: location location_id_chaine_fkey; Type: FK CONSTRAINT; Schema: public; Owner: postgres
--

ALTER TABLE ONLY public.location
    ADD CONSTRAINT location_id_chaine_fkey FOREIGN KEY (id_chaine) REFERENCES public."chaines_hotelières"(id_chaine);


--
-- Name: location location_id_client_fkey; Type: FK CONSTRAINT; Schema: public; Owner: postgres
--

ALTER TABLE ONLY public.location
    ADD CONSTRAINT location_id_client_fkey FOREIGN KEY (id_client) REFERENCES public.client(id_client);


--
-- Name: location location_id_employe_fkey; Type: FK CONSTRAINT; Schema: public; Owner: postgres
--

ALTER TABLE ONLY public.location
    ADD CONSTRAINT location_id_employe_fkey FOREIGN KEY (id_employe) REFERENCES public.employe(id_employe);


--
-- Name: location location_id_hotel_fkey; Type: FK CONSTRAINT; Schema: public; Owner: postgres
--

ALTER TABLE ONLY public.location
    ADD CONSTRAINT location_id_hotel_fkey FOREIGN KEY (id_hotel) REFERENCES public.hotel(id_hotel);


--
-- Name: reservation reservation_id_chaine_fkey; Type: FK CONSTRAINT; Schema: public; Owner: postgres
--

ALTER TABLE ONLY public.reservation
    ADD CONSTRAINT reservation_id_chaine_fkey FOREIGN KEY (id_chaine) REFERENCES public."chaines_hotelières"(id_chaine);


--
-- Name: reservation reservation_id_client_fkey; Type: FK CONSTRAINT; Schema: public; Owner: postgres
--

ALTER TABLE ONLY public.reservation
    ADD CONSTRAINT reservation_id_client_fkey FOREIGN KEY (id_client) REFERENCES public.client(id_client);


--
-- Name: reservation reservation_id_hotel_fkey; Type: FK CONSTRAINT; Schema: public; Owner: postgres
--

ALTER TABLE ONLY public.reservation
    ADD CONSTRAINT reservation_id_hotel_fkey FOREIGN KEY (id_hotel) REFERENCES public.hotel(id_hotel);


--
-- PostgreSQL database dump complete
--

